DateTime,number of volunteers
2022.01.01 0:00,320
2022.02.01 0:00,323
2022.03.01 0:00,332
2022.04.01 0:00,379
2022.05.01 0:00,429
2022.06.01 0:00,500
2022.07.01 0:00,570
2022.08.01 0:00,636
2022.09.01 0:00,734
2022.10.01 0:00,852
2022.11.01 0:00,1048
2022.12.01 0:00,2699
2023.01.01 0:00,3196
2023.02.01 0:00,3637
2023.03.01 0:00,4072
2023.04.01 0:00,4478
2023.05.01 0:00,4846
2023.06.01 0:00,5186
2023.07.01 0:00,5491
2023.08.01 0:00,5809
2023.09.01 0:00,6072
2023.10.01 0:00,6322
2023.11.01 0:00,6648
2023.12.01 0:00,7153
2024.01.01 0:00,7695
2024.02.01 0:00,8084
2024.03.01 0:00,8423
2024.04.01 0:00,8745
2024.05.01 0:00,9258
2024.06.01 0:00,9540
2024.07.01 0:00,9700
2024.08.01 0:00,9860
2024.09.01 0:00,10064
2024.10.01 0:00,10310
2024.11.01 0:00,10454